{"count":1,"self":186.38296319999998,"total":255.75969099999998,"children":{"InitializeActuators":{"count":242,"self":0.0033339999999999997,"total":0.0033339999999999997,"children":null},"InitializeSensors":{"count":242,"self":0.0041449999999999994,"total":0.0041449999999999994,"children":null},"AgentSendState":{"count":744049,"self":0.48495499999999997,"total":1.108732,"children":{"CollectObservations":{"count":14196,"self":0.044661,"total":0.044661,"children":null},"WriteActionMask":{"count":14196,"self":0.054588,"total":0.054588,"children":null},"RequestDecision":{"count":14196,"self":0.070505,"total":0.524528,"children":{"AgentInfo.ToProto":{"count":14196,"self":0.071789999999999993,"total":0.45402299999999995,"children":{"GenerateSensorData":{"count":14196,"self":0.382233,"total":0.382233,"children":null}}}}}}},"DecideAction":{"count":744049,"self":67.7083328,"total":67.708331,"children":null},"AgentAct":{"count":744049,"self":0.544683,"total":0.54771399999999992,"children":{"AgentInfo.ToProto":{"count":115,"self":0.000488,"total":0.003031,"children":{"GenerateSensorData":{"count":115,"self":0.0025429999999999997,"total":0.0025429999999999997,"children":null}}}}},"AgentInfo.ToProto":{"count":126,"self":0.000678,"total":0.003927,"children":{"GenerateSensorData":{"count":126,"self":0.0032489999999999997,"total":0.0032489999999999997,"children":null}}}},"gauges":{"Hero3Agent.CumulativeReward":{"count":5,"max":-368.612366,"min":-1311.32141,"runningAverage":-708.0145,"value":-638.512451,"weightedAverage":-808.2029}},"metadata":{"timer_format_version":"0.1.0","start_time_seconds":"1716067059","unity_version":"2023.2.17f1","command_line_arguments":"\/Applications\/Unity\/Hub\/Editor\/2023.2.17f1\/Unity.app\/Contents\/MacOS\/Unity -projectpath \/Volumes\/Main\/Unity\/1s DungeonEscape\/newD\/dungeonEscape\/dungeonEscape -useHub -hubIPC -cloudEnvironment production","communication_protocol_version":"1.5.0","com.unity.ml-agents_version":"3.0.0-exp.1","scene_name":"SampleScene","end_time_seconds":"1716067315"}}